<?xml version="1.0" encoding="UTF-8"?>
<!DOCTYPE suite SYSTEM "https://testng.org/testng-1.0.dtd">

<suite name="Suite" parallel="tests" thread-count= "2">    
	
<!-- thead-count is deside that how many threads(Browser instance should open parallely even more than one testcases -->
<!-- Ex, if you given thread-count="2" only 2 instance will execute paralley. here thread means browser/testcases. 
   also this is not mandatory to enter. if not there it will execute the all threads parallely -->
 
  <test name="Test">
    <classes>

      <class name="testNGEx.ParallelExecution"/>
    </classes>
  </test> <!-- Test -->
  
  <test name="Test1">
    <classes>
		<class name="testNGEx.ParallelExeClass2"/>
 
    </classes>
  </test> <!-- Test -->
  
</suite> <!-- Suite -->
